{"DEWP": 0.005276509959909232, "TEMP": 0.0043266256421092344, "PRES": 0.002655652159500602, "Iws": 0.005195446926036058, "Is": 9.765724533491305e-05, "Ir": 0.0013538217490384268, "hour": 0.003426713913109898, "month": 0.001533375035799848, "pm2.5_lag1": 0.9733862443578758, "cbwd_NE": 0.00044641845799656544, "cbwd_NW": 0.0013780810044492018, "cbwd_SE": 0.000482061854896565, "cbwd_cv": 0.00044139169394375274}